6aa1c7a6726fe25f8bc6271e267898e8ed823da6a896134c0808299028a82825,601abbdf6be1b11a6e412fc2ff2fa3c09b81a7d4c247b3fd87bbc414fb18c86a,cuc,CLAREMONT-WPA-ROLE,CUC-MUDD-3-N-IRIS,"Access Points","Top > CUC > Honold Mudd Library > Third Floor","Mudd 2 North","12/29/2015 8:43 PM",-,"3 hrs 16 mins",0.20,0.12,0.08,0.14,-64.05,32.95,Apple,"802.11n (5 GHz)",Claremont-WPA,iPad,"Apple iPad",Apple,iPad,iOS,"9.1 (13B143)"
85ab27af0fcba77aed7c612f3f2d77472850642c7cb24097c8439da93fffe0b9,5f7c747ebb19df21c8b7d421cb077bc2d6e5ee35f579f99e6c7a2ba49e6b1473,cgu,CLAREMONT-WPA-ROLE,CUC-HON203-AP105-15,"Access Points","Top > CUC > Honold Mudd Library > Second Floor",-,"12/29/2015 8:45 PM",-,"3 hrs 14 mins",0.11,0.07,0.04,0.08,-54.67,37.30,Apple,"802.11n (5 GHz)",Claremont-WPA,iPad,"Apple iPad",Apple,iPad,iOS,"9.1 (13B143)"
b8f743c6d89964f202ee588a01ec3ac0445a0fca641fd55909cd88cb272941d9,601abbdf6be1b11a6e412fc2ff2fa3c09b81a7d4c247b3fd87bbc414fb18c86a,cuc,CLAREMONT-WPA-ROLE,CUC-MUDD-3-N-IRIS,"Access Points","Top > CUC > Honold Mudd Library > Third Floor","Mudd 2 North","12/29/2015 8:47 PM",-,"3 hrs 12 mins",3.15,1.92,1.23,2.33,-61.26,35.74,Apple,"802.11n (5 GHz)",Claremont-WPA,iPad,"Apple iPad",Apple,iPad,iOS,"9.1 (13B143)"
cebeeea934695259060ebc25ddda6ec75b869cd1089b4d615ec7d860f6f862a4,601abbdf6be1b11a6e412fc2ff2fa3c09b81a7d4c247b3fd87bbc414fb18c86a,cuc,CLAREMONT-WPA-ROLE,CUC-MUDD-3-N-IRIS,"Access Points","Top > CUC > Honold Mudd Library > Third Floor","Mudd 2 North","12/29/2015 8:55 PM",-,"3 hrs 4 mins",7.64,3.91,3.74,5.66,-65.00,32.00,Apple,"802.11n (5 GHz)",Claremont-WPA,iPad,"Apple iPad",Apple,iPad,iOS,"9.1 (13B143)"
f95928c399d7be8432a6c8873ee5c26e1d3f923f2323a59c8b8142066dd29805,-,-,CUC-GUEST-AAA,CUC-HON-3-E-OUTSIDE_DC,"Access Points","Top > CUC > Honold Mudd Library > Third Floor",-,"12/29/2015 9:05 PM",-,"2 hrs 54 mins",0.58,0.33,0.24,0.45,-55.60,41.40,"Roku, Inc.","802.11n (5 GHz)",CUC-GUEST,Roku,Roku,Roku,-,Roku,066.02E03678A
bb432a2e57cf94388a6b952ae40aaa9c70d6babff99893fce377cf1c2a359e86,601abbdf6be1b11a6e412fc2ff2fa3c09b81a7d4c247b3fd87bbc414fb18c86a,cuc,CLAREMONT-WPA-ROLE,CUC-MUDD-3-N-IRIS,"Access Points","Top > CUC > Honold Mudd Library > Third Floor","Mudd 2 North","12/29/2015 10:35 PM","12/29/2015 10:45 PM","10 mins",0.00,0.00,0.00,0.00,0.00,0.00,Apple,"802.11n (5 GHz)",Claremont-WPA,iPad,"Apple iPad",Apple,iPad,iOS,"9.1 (13B143)"
6aa1c7a6726fe25f8bc6271e267898e8ed823da6a896134c0808299028a82825,601abbdf6be1b11a6e412fc2ff2fa3c09b81a7d4c247b3fd87bbc414fb18c86a,cuc,CLAREMONT-WPA-ROLE,CUC-MUDD-3-N-IRIS,"Access Points","Top > CUC > Honold Mudd Library > Third Floor","Mudd 2 North","12/10/2015 9:49 PM","12/29/2015 8:34 PM","20 hrs 34 mins",15.77,14.41,1.35,1.73,-63.03,33.00,Apple,"802.11n (5 GHz)",Claremont-WPA,iPad,"Apple iPad",Apple,iPad,iOS,"9.1 (13B143)"
dfef7348b93122f49b5d827b2640e68133a88d1dd025224e30e4e9753f070196,601abbdf6be1b11a6e412fc2ff2fa3c09b81a7d4c247b3fd87bbc414fb18c86a,cuc,CLAREMONT-WPA-ROLE,CUC-MUDD-3-N-IRIS,"Access Points","Top > CUC > Honold Mudd Library > Third Floor","Mudd 2 North","11/19/2015 12:14 PM","12/29/2015 8:34 PM","20 hrs 34 mins",10.22,8.85,1.37,1.12,-62.46,34.00,Apple,"802.11n (5 GHz)",Claremont-WPA,iPad,"Apple iPad",Apple,iPad,iOS,"9.1 (13B143)"
4df4cbfdbecfaebb285aa62a2318cef4e18b8f5bcb10c1a266445217f50d6bed,601abbdf6be1b11a6e412fc2ff2fa3c09b81a7d4c247b3fd87bbc414fb18c86a,cuc,CLAREMONT-WPA-ROLE,CUC-MUDD-3-N-IRIS,"Access Points","Top > CUC > Honold Mudd Library > Third Floor","Mudd 2 North","12/22/2015 11:04 PM","12/29/2015 8:34 PM","20 hrs 34 mins",3.41,2.65,0.76,0.37,-68.27,28.00,Apple,"802.11n (5 GHz)",Claremont-WPA,iPad,"Apple iPad",Apple,iPad,iOS,"9.1 (13B143)"
513073db70c1a53e1022b05c7f626bb5bf08491841682371dafc80a93b8e83bf,-,-,-,CUC-MUDD-3-IRIS-N,"Access Points","Top > CUC > Honold Mudd Library > Third Floor",-,"12/29/2015 4:47 AM","12/29/2015 4:56 AM","8 mins",0.00,0.00,0.00,0.00,0.00,0.00,Apple,"802.11n (2.4 GHz)",Claremont-WPA,iPad,"Apple iPad",Apple,iPad,iOS,"9.1 (13B143)"
eddd50a2319c6cb283aa93de52a2ad84dbc1bf4213a4848ad74fbc9dbe1302b8,-,-,CLAREMONT-PREAUTH-ROLE,CUC-MUDD-3-IRIS-N,"Access Points","Top > CUC > Honold Mudd Library > Third Floor",-,"12/29/2015 4:06 AM","12/29/2015 4:16 AM","10 mins",0.00,0.00,0.00,0.00,0.00,0.00,"Motorola Mobility LLC","802.11n (5 GHz)",Claremont,Android,Android,-,XT1080,Android,"Linux; U; Android 4.4.4; XT1080 Build/SU6-7.3"
ab43496e627f8877a2feb0693cab0d69843c14d94d7203200bcfd6adc264a913,-,-,CLAREMONT-PREAUTH-ROLE,CUC-HON-3-S-BOOK,"Access Points","Top > CUC > Honold Mudd Library > Third Floor","Mudd 2 South","12/29/2015 9:57 AM","12/29/2015 10:07 AM","10 mins",0.00,0.00,0.00,0.00,-82.00,9.00,"Murata Manufacturing Co., Ltd.","802.11n (5 GHz)",Claremont,Android,"Samsung SM-G920V",Samsung,SM-G920V,Android,"Linux; Android 5.1.1; SM-G920V Build/LRX22C"
42c1dbf23ea3903e1fe22581d7e3b412185d2cdbfa76c61703de2286b3b523e0,ERROR,-,-,CUC-HON-3-S-BOOK,"Access Points","Top > CUC > Honold Mudd Library > Third Floor","Mudd 2 South","12/29/2015 8:18 AM","12/29/2015 8:25 AM","6 mins",0.00,0.00,0.00,0.00,0.00,0.00,"Murata Manufacturing Co., Ltd.","802.11n (2.4 GHz)",Claremont,Android,Android,-,SM-G920P,Android,"Linux; U; Android 5.1.1; SM-G920P Build/LMY47X"
fbed4a8eb8a8d7d7ea6a64269b1e688871070a1969df1ed5c571d9578c292861,13a51b020c673dced2e81ee16fde550c33e5f41f35a290d95ae4fda7ec85a778,CGU,CLAREMONT-WPA-ROLE,CUC-HON-3-N-BOOK,"Access Points","Top > CUC > Honold Mudd Library > Third Floor","Mudd 3 North","12/29/2015 9:45 PM","12/29/2015 10:05 PM","20 mins",0.00,0.00,0.00,0.00,-88.00,9.00,"Sony Mobile Communications AB","802.11n (5 GHz)",Claremont-WPA,Android,Android,-,L50u,Android,"Linux; U; Android 4.4.2; L50u Build/17.1.1.F.0.43"
8b002a6a33f448235376ca24b765d9e6b7145c96c10f3e8b4216b5dd328f9a3e,f2d652821b955c599aeee9441a61300e1afe2036301217f354f9274a16d6dc46,CUC,CLAREMONT-WPA-ROLE,CUC-MUDD-3-IRIS-N,"Access Points","Top > CUC > Honold Mudd Library > Third Floor",-,"12/29/2015 2:25 AM","12/29/2015 2:45 AM","20 mins",0.00,0.00,0.00,0.00,-85.00,8.00,"Samsung Electro Mechanics co., LTD.","802.11n (5 GHz)",Claremont-WPA,Android,Android,-,SM-G925T,Android,"Linux; U; Android 5.1.1; SM-G925T Build/LMY47X"
2951327b4a780ffec56ca1d6bf6d9f12bd89226d2a9132cf6b1dc07b624b5d1b,-,-,-,CUC-MUDD-2-W,"Access Points","Top > CUC > Honold Mudd Library > Second Floor",-,"12/29/2015 2:32 PM","12/29/2015 2:35 PM","2 mins",0.00,0.00,0.00,0.00,0.00,0.00,Unknown,"802.11n (2.4 GHz)",Claremont,-,"Apple iPhone",Apple,iPhone,iOS,9.2
9e84ff47297394b6650d9d01fd0a711e33e3c0e07fecddf4a49c4ba147eabcec,8ec5462c1ea5cbaa10da9e999a2ca3f3c39b1f4950964e6fa15f7d96fd382e96,cuc,CLAREMONT-WPA-ROLE,CUC-MUDD-3-IRIS-N,"Access Points","Top > CUC > Honold Mudd Library > Third Floor",-,"12/29/2015 2:07 PM","12/29/2015 2:48 PM","40 mins",0.00,0.00,0.00,0.03,-63.26,29.00,Apple,"802.11n (5 GHz)",Claremont-WPA,iPad,"Apple iPad",Apple,iPad,iOS,"9.0.2 (13A452)"
9e84ff47297394b6650d9d01fd0a711e33e3c0e07fecddf4a49c4ba147eabcec,8ec5462c1ea5cbaa10da9e999a2ca3f3c39b1f4950964e6fa15f7d96fd382e96,cuc,CLAREMONT-WPA-ROLE,CUC-MUDD-3-IRIS-N,"Access Points","Top > CUC > Honold Mudd Library > Third Floor",-,"12/29/2015 2:48 PM","12/29/2015 3:08 PM","20 mins",0.00,0.00,0.00,0.02,0.00,0.00,Apple,"802.11n (5 GHz)",Claremont-WPA,iPad,"Apple iPad",Apple,iPad,iOS,"9.0.2 (13A452)"
9e84ff47297394b6650d9d01fd0a711e33e3c0e07fecddf4a49c4ba147eabcec,-,-,-,CUC-MUDD-3-IRIS-N,"Access Points","Top > CUC > Honold Mudd Library > Third Floor",-,"12/29/2015 9:58 PM","12/29/2015 10:05 PM","7 mins",0.00,0.00,0.00,0.00,0.00,0.00,Apple,"802.11n (5 GHz)",Claremont-WPA,iPad,"Apple iPad",Apple,iPad,iOS,"9.0.2 (13A452)"
513073db70c1a53e1022b05c7f626bb5bf08491841682371dafc80a93b8e83bf,8ec5462c1ea5cbaa10da9e999a2ca3f3c39b1f4950964e6fa15f7d96fd382e96,cuc.claremont.edu,CLAREMONT-WPA-ROLE,CUC-MUDD-3-IRIS-N,"Access Points","Top > CUC > Honold Mudd Library > Third Floor",-,"12/29/2015 9:36 AM","12/29/2015 9:47 AM","10 mins",0.00,0.00,0.00,0.00,0.00,0.00,Apple,"802.11n (5 GHz)",Claremont-WPA,iPad,"Apple iPad",Apple,iPad,iOS,"9.1 (13B143)"
513073db70c1a53e1022b05c7f626bb5bf08491841682371dafc80a93b8e83bf,8ec5462c1ea5cbaa10da9e999a2ca3f3c39b1f4950964e6fa15f7d96fd382e96,cuc.claremont.edu,-,CUC-MUDD-3-IRIS-N,"Access Points","Top > CUC > Honold Mudd Library > Third Floor",-,"12/29/2015 8:42 PM","12/29/2015 8:45 PM","2 mins",0.00,0.00,0.00,0.00,0.00,0.00,Apple,"802.11n (5 GHz)",Claremont-WPA,iPad,"Apple iPad",Apple,iPad,iOS,"9.1 (13B143)"
5011003d3581e0229e657687b2bd11cc5ef52f7c6533c481e17c948db3e288df,ERROR,-,-,CUC-HON-1-S-CONNECTION,"Access Points","Top > CUC > Honold Mudd Library > First Floor","Honnold Connections","12/29/2015 12:18 PM","12/29/2015 12:22 PM","3 mins",0.00,0.00,0.00,0.00,0.00,0.00,Apple,"802.11n (5 GHz)",Claremont-WPA,iPhone,"Apple iPhone",Apple,iPhone,iOS,"9.2 (13C75)"
eddd50a2319c6cb283aa93de52a2ad84dbc1bf4213a4848ad74fbc9dbe1302b8,-,-,CLAREMONT-PREAUTH-ROLE,CUC-HON-1-S-CONNECTION,"Access Points","Top > CUC > Honold Mudd Library > First Floor","Honnold Connections","12/29/2015 1:35 AM","12/29/2015 1:54 AM","18 mins",0.01,0.01,0.00,0.08,-57.00,40.00,"Motorola Mobility LLC","802.11n (5 GHz)",Claremont,Android,Android,-,XT1080,Android,"Linux; U; Android 4.4.4; XT1080 Build/SU6-7.3"
bc9e3ac52c95a4d2f22ad77283338f8c5d074ae47b3bdf21616db48460e95836,601abbdf6be1b11a6e412fc2ff2fa3c09b81a7d4c247b3fd87bbc414fb18c86a,cuc,CLAREMONT-WPA-ROLE,CUC-MUDD-3-N-IRIS,"Access Points","Top > CUC > Honold Mudd Library > Third Floor","Mudd 2 North","12/22/2015 10:05 AM","12/29/2015 8:34 PM","20 hrs 34 mins",22.34,14.25,8.09,2.50,-69.29,27.00,Apple,"802.11n (5 GHz)",Claremont-WPA,iPad,"Apple iPad",Apple,iPad,iOS,"9.1 (13B143)"
bc9e3ac52c95a4d2f22ad77283338f8c5d074ae47b3bdf21616db48460e95836,601abbdf6be1b11a6e412fc2ff2fa3c09b81a7d4c247b3fd87bbc414fb18c86a,cuc,CLAREMONT-WPA-ROLE,CUC-MUDD-3-N-IRIS,"Access Points","Top > CUC > Honold Mudd Library > Third Floor","Mudd 2 North","12/29/2015 8:47 PM","12/29/2015 10:15 PM","1 hr 27 mins",1.11,0.67,0.44,2.11,-61.89,35.00,Apple,"802.11n (2.4 GHz)",Claremont-WPA,iPad,"Apple iPad",Apple,iPad,iOS,"9.1 (13B143)"
bc9e3ac52c95a4d2f22ad77283338f8c5d074ae47b3bdf21616db48460e95836,601abbdf6be1b11a6e412fc2ff2fa3c09b81a7d4c247b3fd87bbc414fb18c86a,cuc,CLAREMONT-WPA-ROLE,CUC-MUDD-3-N-IRIS,"Access Points","Top > CUC > Honold Mudd Library > Third Floor","Mudd 2 North","12/29/2015 10:15 PM",-,"1 hr 44 mins",1.69,1.03,0.66,2.25,-69.47,27.53,Apple,"802.11n (5 GHz)",Claremont-WPA,iPad,"Apple iPad",Apple,iPad,iOS,"9.1 (13B143)"
6fe682642c474bb6f34008e13a796bed90c66c89cbd57cbaee8eab9b0de986bf,601abbdf6be1b11a6e412fc2ff2fa3c09b81a7d4c247b3fd87bbc414fb18c86a,cuc,CLAREMONT-WPA-ROLE,CUC-MUDD-3-N-IRIS,"Access Points","Top > CUC > Honold Mudd Library > Third Floor","Mudd 2 North","11/19/2015 12:14 PM","12/29/2015 8:34 PM","20 hrs 34 mins",35.87,22.28,13.59,3.90,-63.59,33.00,Apple,"802.11n (5 GHz)",Claremont-WPA,iPad,"Apple iPad",Apple,iPad,iOS,"9.1 (13B143)"
6fe682642c474bb6f34008e13a796bed90c66c89cbd57cbaee8eab9b0de986bf,601abbdf6be1b11a6e412fc2ff2fa3c09b81a7d4c247b3fd87bbc414fb18c86a,cuc,-,CUC-MUDD-3-N-IRIS,"Access Points","Top > CUC > Honold Mudd Library > Third Floor","Mudd 2 North","12/29/2015 8:48 PM","12/29/2015 8:55 PM","6 mins",0.00,0.00,0.00,0.00,0.00,0.00,Apple,"802.11n (2.4 GHz)",Claremont-WPA,iPad,"Apple iPad",Apple,iPad,iOS,"9.1 (13B143)"
6fe682642c474bb6f34008e13a796bed90c66c89cbd57cbaee8eab9b0de986bf,601abbdf6be1b11a6e412fc2ff2fa3c09b81a7d4c247b3fd87bbc414fb18c86a,cuc,CLAREMONT-WPA-ROLE,CUC-MUDD-3-N-IRIS,"Access Points","Top > CUC > Honold Mudd Library > Third Floor","Mudd 2 North","12/29/2015 8:55 PM",-,"3 hrs 4 mins",5.28,3.20,2.08,3.91,-66.94,30.06,Apple,"802.11n (5 GHz)",Claremont-WPA,iPad,"Apple iPad",Apple,iPad,iOS,"9.1 (13B143)"
b8f743c6d89964f202ee588a01ec3ac0445a0fca641fd55909cd88cb272941d9,601abbdf6be1b11a6e412fc2ff2fa3c09b81a7d4c247b3fd87bbc414fb18c86a,cuc,CLAREMONT-WPA-ROLE,CUC-MUDD-3-N-IRIS,"Access Points","Top > CUC > Honold Mudd Library > Third Floor","Mudd 2 North","12/18/2015 3:22 PM","12/29/2015 8:34 PM","20 hrs 34 mins",22.04,13.92,8.12,2.44,-68.75,28.00,Apple,"802.11n (5 GHz)",Claremont-WPA,iPad,"Apple iPad",Apple,iPad,iOS,"9.1 (13B143)"
4df4cbfdbecfaebb285aa62a2318cef4e18b8f5bcb10c1a266445217f50d6bed,601abbdf6be1b11a6e412fc2ff2fa3c09b81a7d4c247b3fd87bbc414fb18c86a,cuc,CLAREMONT-WPA-ROLE,CUC-MUDD-3-N-IRIS,"Access Points","Top > CUC > Honold Mudd Library > Third Floor","Mudd 2 North","12/29/2015 8:42 PM",-,"3 hrs 17 mins",0.16,0.07,0.08,0.11,-67.97,29.03,Apple,"802.11n (5 GHz)",Claremont-WPA,iPad,"Apple iPad",Apple,iPad,iOS,"9.1 (13B143)"
dfef7348b93122f49b5d827b2640e68133a88d1dd025224e30e4e9753f070196,601abbdf6be1b11a6e412fc2ff2fa3c09b81a7d4c247b3fd87bbc414fb18c86a,cuc,CLAREMONT-WPA-ROLE,CUC-MUDD-3-N-IRIS,"Access Points","Top > CUC > Honold Mudd Library > Third Floor","Mudd 2 North","12/29/2015 8:43 PM",-,"3 hrs 16 mins",0.08,0.03,0.06,0.06,-66.95,30.05,Apple,"802.11n (5 GHz)",Claremont-WPA,iPad,"Apple iPad",Apple,iPad,iOS,"9.1 (13B143)"
bb432a2e57cf94388a6b952ae40aaa9c70d6babff99893fce377cf1c2a359e86,601abbdf6be1b11a6e412fc2ff2fa3c09b81a7d4c247b3fd87bbc414fb18c86a,cuc,CLAREMONT-WPA-ROLE,CUC-MUDD-3-N-IRIS,"Access Points","Top > CUC > Honold Mudd Library > Third Floor","Mudd 2 North","12/29/2015 11:47 AM","12/29/2015 1:27 PM","1 hr 40 mins",0.26,0.08,0.18,0.44,-90.34,6.00,Apple,"802.11n (5 GHz)",Claremont-WPA,iPad,"Apple iPad",Apple,iPad,iOS,"9.1 (13B143)"
bb432a2e57cf94388a6b952ae40aaa9c70d6babff99893fce377cf1c2a359e86,601abbdf6be1b11a6e412fc2ff2fa3c09b81a7d4c247b3fd87bbc414fb18c86a,cuc,CLAREMONT-WPA-ROLE,CUC-MUDD-3-N-IRIS,"Access Points","Top > CUC > Honold Mudd Library > Third Floor","Mudd 2 North","12/29/2015 4:20 PM","12/29/2015 4:30 PM","10 mins",0.00,0.00,0.00,0.00,0.00,0.00,Apple,"802.11n (5 GHz)",Claremont-WPA,iPad,"Apple iPad",Apple,iPad,iOS,"9.1 (13B143)"
bb432a2e57cf94388a6b952ae40aaa9c70d6babff99893fce377cf1c2a359e86,601abbdf6be1b11a6e412fc2ff2fa3c09b81a7d4c247b3fd87bbc414fb18c86a,cuc,CLAREMONT-WPA-ROLE,CUC-MUDD-3-N-IRIS,"Access Points","Top > CUC > Honold Mudd Library > Third Floor","Mudd 2 North","12/29/2015 6:01 PM","12/29/2015 6:12 PM","10 mins",0.00,0.00,0.00,0.00,0.00,0.00,Apple,"802.11n (5 GHz)",Claremont-WPA,iPad,"Apple iPad",Apple,iPad,iOS,"9.1 (13B143)"
bb432a2e57cf94388a6b952ae40aaa9c70d6babff99893fce377cf1c2a359e86,601abbdf6be1b11a6e412fc2ff2fa3c09b81a7d4c247b3fd87bbc414fb18c86a,cuc,CLAREMONT-WPA-ROLE,CUC-MUDD-3-N-IRIS,"Access Points","Top > CUC > Honold Mudd Library > Third Floor","Mudd 2 North","12/29/2015 6:22 PM","12/29/2015 6:32 PM","10 mins",0.00,0.00,0.00,0.00,-97.00,0.00,Apple,"802.11n (5 GHz)",Claremont-WPA,iPad,"Apple iPad",Apple,iPad,iOS,"9.1 (13B143)"
bb432a2e57cf94388a6b952ae40aaa9c70d6babff99893fce377cf1c2a359e86,601abbdf6be1b11a6e412fc2ff2fa3c09b81a7d4c247b3fd87bbc414fb18c86a,cuc,-,CUC-MUDD-3-N-IRIS,"Access Points","Top > CUC > Honold Mudd Library > Third Floor","Mudd 2 North","12/29/2015 8:47 PM","12/29/2015 8:55 PM","7 mins",0.00,0.00,0.00,0.00,0.00,0.00,Apple,"802.11n (5 GHz)",Claremont-WPA,iPad,"Apple iPad",Apple,iPad,iOS,"9.1 (13B143)"
93e541bc894c3f3714751423ccce2f0dc47e1d14e13f8e379bc2f59cef834e8a,601abbdf6be1b11a6e412fc2ff2fa3c09b81a7d4c247b3fd87bbc414fb18c86a,cuc,CLAREMONT-WPA-ROLE,CUC-MUDD-3-N-IRIS,"Access Points","Top > CUC > Honold Mudd Library > Third Floor","Mudd 2 North","12/11/2015 5:27 PM","12/29/2015 8:34 PM","20 hrs 34 mins",60.40,37.45,22.95,6.61,-65.69,31.00,Apple,"802.11n (5 GHz)",Claremont-WPA,iPad,"Apple iPad",Apple,iPad,iOS,"9.1 (13B143)"
93e541bc894c3f3714751423ccce2f0dc47e1d14e13f8e379bc2f59cef834e8a,601abbdf6be1b11a6e412fc2ff2fa3c09b81a7d4c247b3fd87bbc414fb18c86a,cuc,CLAREMONT-WPA-ROLE,CUC-MUDD-3-N-IRIS,"Access Points","Top > CUC > Honold Mudd Library > Third Floor","Mudd 2 North","12/29/2015 8:47 PM","12/29/2015 10:15 PM","1 hr 27 mins",3.08,1.62,1.45,5.86,-65.00,32.00,Apple,"802.11n (2.4 GHz)",Claremont-WPA,iPad,"Apple iPad",Apple,iPad,iOS,"9.1 (13B143)"
93e541bc894c3f3714751423ccce2f0dc47e1d14e13f8e379bc2f59cef834e8a,601abbdf6be1b11a6e412fc2ff2fa3c09b81a7d4c247b3fd87bbc414fb18c86a,cuc,CLAREMONT-WPA-ROLE,CUC-MUDD-3-N-IRIS,"Access Points","Top > CUC > Honold Mudd Library > Third Floor","Mudd 2 North","12/29/2015 10:15 PM",-,"1 hr 44 mins",6.42,4.25,2.17,8.55,-65.53,31.47,Apple,"802.11n (5 GHz)",Claremont-WPA,iPad,"Apple iPad",Apple,iPad,iOS,"9.1 (13B143)"
cebeeea934695259060ebc25ddda6ec75b869cd1089b4d615ec7d860f6f862a4,601abbdf6be1b11a6e412fc2ff2fa3c09b81a7d4c247b3fd87bbc414fb18c86a,cuc,CLAREMONT-WPA-ROLE,CUC-MUDD-3-N-IRIS,"Access Points","Top > CUC > Honold Mudd Library > Third Floor","Mudd 2 North","12/4/2015 1:03 PM","12/29/2015 8:34 PM","20 hrs 34 mins",101.77,45.98,55.80,11.11,-64.79,32.00,Apple,"802.11n (5 GHz)",Claremont-WPA,iPad,"Apple iPad",Apple,iPad,iOS,"9.1 (13B143)"
cebeeea934695259060ebc25ddda6ec75b869cd1089b4d615ec7d860f6f862a4,601abbdf6be1b11a6e412fc2ff2fa3c09b81a7d4c247b3fd87bbc414fb18c86a,cuc,-,CUC-MUDD-3-N-IRIS,"Access Points","Top > CUC > Honold Mudd Library > Third Floor","Mudd 2 North","12/29/2015 8:47 PM","12/29/2015 8:55 PM","7 mins",0.00,0.00,0.00,0.00,0.00,0.00,Apple,"802.11n (2.4 GHz)",Claremont-WPA,iPad,"Apple iPad",Apple,iPad,iOS,"9.1 (13B143)"
35e8b25fc94fb6eed26bc11196bfe3f88b8f77f898603e5cebfbb3cb805d7d00,-,-,CLAREMONT-PREAUTH-ROLE,CUC-MUDD-3-N-IRIS,"Access Points","Top > CUC > Honold Mudd Library > Third Floor","Mudd 2 North","12/29/2015 1:45 AM","12/29/2015 1:55 AM","10 mins",0.00,0.00,0.00,0.00,0.00,0.00,Apple,"802.11n (5 GHz)",Claremont,iPad,"Apple iPad",Apple,iPad,iOS,"9.1 (13B143)"
35e8b25fc94fb6eed26bc11196bfe3f88b8f77f898603e5cebfbb3cb805d7d00,-,-,CLAREMONT-PREAUTH-ROLE,CUC-MUDD-3-N-IRIS,"Access Points","Top > CUC > Honold Mudd Library > Third Floor","Mudd 2 North","12/29/2015 5:16 AM","12/29/2015 5:26 AM","10 mins",0.00,0.00,0.00,0.00,0.00,0.00,Apple,"802.11n (5 GHz)",Claremont,iPad,"Apple iPad",Apple,iPad,iOS,"9.1 (13B143)"
35e8b25fc94fb6eed26bc11196bfe3f88b8f77f898603e5cebfbb3cb805d7d00,-,-,CLAREMONT-PREAUTH-ROLE,CUC-MUDD-3-N-IRIS,"Access Points","Top > CUC > Honold Mudd Library > Third Floor","Mudd 2 North","12/29/2015 6:16 AM","12/29/2015 6:26 AM","10 mins",0.00,0.00,0.00,0.00,-97.00,0.00,Apple,"802.11n (5 GHz)",Claremont,iPad,"Apple iPad",Apple,iPad,iOS,"9.1 (13B143)"
35e8b25fc94fb6eed26bc11196bfe3f88b8f77f898603e5cebfbb3cb805d7d00,-,-,CLAREMONT-PREAUTH-ROLE,CUC-MUDD-3-N-IRIS,"Access Points","Top > CUC > Honold Mudd Library > Third Floor","Mudd 2 North","12/29/2015 7:16 AM","12/29/2015 7:26 AM","10 mins",0.00,0.00,0.00,0.00,-97.00,0.00,Apple,"802.11n (5 GHz)",Claremont,iPad,"Apple iPad",Apple,iPad,iOS,"9.1 (13B143)"
35e8b25fc94fb6eed26bc11196bfe3f88b8f77f898603e5cebfbb3cb805d7d00,-,-,-,CUC-MUDD-3-N-IRIS,"Access Points","Top > CUC > Honold Mudd Library > Third Floor","Mudd 2 North","12/29/2015 8:43 PM","12/29/2015 8:45 PM","1 min",0.00,0.00,0.00,0.00,0.00,0.00,Apple,"802.11n (2.4 GHz)",Claremont,iPad,"Apple iPad",Apple,iPad,iOS,"9.1 (13B143)"
35e8b25fc94fb6eed26bc11196bfe3f88b8f77f898603e5cebfbb3cb805d7d00,-,-,CLAREMONT-PREAUTH-ROLE,CUC-MUDD-3-N-IRIS,"Access Points","Top > CUC > Honold Mudd Library > Third Floor","Mudd 2 North","12/29/2015 2:48 PM","12/29/2015 2:58 PM","10 mins",0.00,0.00,0.00,0.00,0.00,0.00,Apple,"802.11n (5 GHz)",Claremont,iPad,"Apple iPad",Apple,iPad,iOS,"9.1 (13B143)"
35e8b25fc94fb6eed26bc11196bfe3f88b8f77f898603e5cebfbb3cb805d7d00,-,-,CLAREMONT-PREAUTH-ROLE,CUC-MUDD-3-N-IRIS,"Access Points","Top > CUC > Honold Mudd Library > Third Floor","Mudd 2 North","12/29/2015 3:08 PM","12/29/2015 3:18 PM","10 mins",0.00,0.00,0.00,0.00,-97.00,0.00,Apple,"802.11n (5 GHz)",Claremont,iPad,"Apple iPad",Apple,iPad,iOS,"9.1 (13B143)"
35e8b25fc94fb6eed26bc11196bfe3f88b8f77f898603e5cebfbb3cb805d7d00,-,-,CLAREMONT-PREAUTH-ROLE,CUC-MUDD-3-N-IRIS,"Access Points","Top > CUC > Honold Mudd Library > Third Floor","Mudd 2 North","12/29/2015 4:09 PM","12/29/2015 4:20 PM","10 mins",0.00,0.00,0.00,0.00,-97.00,0.00,Apple,"802.11n (5 GHz)",Claremont,iPad,"Apple iPad",Apple,iPad,iOS,"9.1 (13B143)"
35e8b25fc94fb6eed26bc11196bfe3f88b8f77f898603e5cebfbb3cb805d7d00,-,-,CLAREMONT-PREAUTH-ROLE,CUC-MUDD-3-N-IRIS,"Access Points","Top > CUC > Honold Mudd Library > Third Floor","Mudd 2 North","12/29/2015 7:33 PM","12/29/2015 7:54 PM","20 mins",77.04,13.92,63.12,1027.26,-97.00,0.00,Apple,"802.11n (5 GHz)",Claremont,iPad,"Apple iPad",Apple,iPad,iOS,"9.1 (13B143)"
35e8b25fc94fb6eed26bc11196bfe3f88b8f77f898603e5cebfbb3cb805d7d00,-,-,CLAREMONT-PREAUTH-ROLE,CUC-MUDD-3-N-IRIS,"Access Points","Top > CUC > Honold Mudd Library > Third Floor","Mudd 2 North","12/29/2015 8:14 PM","12/29/2015 8:24 PM","10 mins",0.00,0.00,0.00,0.00,-97.00,0.00,Apple,"802.11n (5 GHz)",Claremont,iPad,"Apple iPad",Apple,iPad,iOS,"9.1 (13B143)"
9f74b6fc094efedebabb5b3f719255abbbdecd6ce8c47999a963911c6b8db447,-,-,CLAREMONT-PREAUTH-ROLE,CUC-MUDD-3-N-IRIS,"Access Points","Top > CUC > Honold Mudd Library > Third Floor","Mudd 2 North","12/29/2015 12:25 AM","12/29/2015 12:35 AM","10 mins",0.00,0.00,0.00,0.00,0.00,0.00,Apple,"802.11n (5 GHz)",Claremont,iPad,"Apple iPad",Apple,iPad,iOS,"9.1 (13B143)"
9f74b6fc094efedebabb5b3f719255abbbdecd6ce8c47999a963911c6b8db447,-,-,CLAREMONT-PREAUTH-ROLE,CUC-MUDD-3-N-IRIS,"Access Points","Top > CUC > Honold Mudd Library > Third Floor","Mudd 2 North","12/29/2015 2:45 AM","12/29/2015 2:55 AM","10 mins",0.00,0.00,0.00,0.00,0.00,0.00,Apple,"802.11n (5 GHz)",Claremont,iPad,"Apple iPad",Apple,iPad,iOS,"9.1 (13B143)"
9f74b6fc094efedebabb5b3f719255abbbdecd6ce8c47999a963911c6b8db447,-,-,CLAREMONT-PREAUTH-ROLE,CUC-MUDD-3-N-IRIS,"Access Points","Top > CUC > Honold Mudd Library > Third Floor","Mudd 2 North","12/29/2015 5:46 AM","12/29/2015 5:56 AM","10 mins",0.00,0.00,0.00,0.00,0.00,0.00,Apple,"802.11n (5 GHz)",Claremont,iPad,"Apple iPad",Apple,iPad,iOS,"9.1 (13B143)"
9f74b6fc094efedebabb5b3f719255abbbdecd6ce8c47999a963911c6b8db447,-,-,CLAREMONT-PREAUTH-ROLE,CUC-MUDD-3-N-IRIS,"Access Points","Top > CUC > Honold Mudd Library > Third Floor","Mudd 2 North","12/29/2015 9:06 AM","12/29/2015 9:36 AM","30 mins",0.02,0.00,0.01,0.22,-75.11,21.00,Apple,"802.11n (5 GHz)",Claremont,iPad,"Apple iPad",Apple,iPad,iOS,"9.1 (13B143)"
9f74b6fc094efedebabb5b3f719255abbbdecd6ce8c47999a963911c6b8db447,-,-,-,CUC-MUDD-3-N-IRIS,"Access Points","Top > CUC > Honold Mudd Library > Third Floor","Mudd 2 North","12/29/2015 8:44 PM","12/29/2015 8:45 PM","0 mins",0.00,0.00,0.00,0.00,0.00,0.00,Apple,"802.11n (2.4 GHz)",Claremont,iPad,"Apple iPad",Apple,iPad,iOS,"9.1 (13B143)"
9f74b6fc094efedebabb5b3f719255abbbdecd6ce8c47999a963911c6b8db447,-,-,CLAREMONT-PREAUTH-ROLE,CUC-MUDD-3-N-IRIS,"Access Points","Top > CUC > Honold Mudd Library > Third Floor","Mudd 2 North","12/29/2015 3:39 PM","12/29/2015 3:59 PM","20 mins",76.39,13.71,62.68,1018.50,-97.00,0.00,Apple,"802.11n (5 GHz)",Claremont,iPad,"Apple iPad",Apple,iPad,iOS,"9.1 (13B143)"
9f74b6fc094efedebabb5b3f719255abbbdecd6ce8c47999a963911c6b8db447,-,-,CLAREMONT-PREAUTH-ROLE,CUC-MUDD-3-N-IRIS,"Access Points","Top > CUC > Honold Mudd Library > Third Floor","Mudd 2 North","12/29/2015 11:55 PM","12/30/2015 12:05 AM","4 mins",0.00,0.00,0.00,0.00,0.00,0.00,Apple,"802.11n (5 GHz)",Claremont,iPad,"Apple iPad",Apple,iPad,iOS,"9.1 (13B143)"
03edd355b49f706acc721aa8f6b2e37d46f2d6310cfc6bdc866843794f0ac78d,d1e259fb9dc9ef03b4a5288671077dd00fd3a0600cb21a85d50efb2a2799ecd7,cuc.claremont.edu,CLAREMONT-WPA-ROLE,CUC-HON-2-S-ADMIN_CONF_ROOM,"Access Points","Top > CUC > Honold Mudd Library > Second Floor","Honnold 2 South","12/29/2015 1:35 AM","12/29/2015 1:45 AM","10 mins",0.00,0.00,0.00,0.00,0.00,0.00,Unknown,"802.11n (5 GHz)",Claremont-WPA,iPhone,"Apple iPhone",Apple,iPhone,iOS,-
affc8c5b860ae53665e237a349928fae4d1d5e8bba4e0c981df0982d4d83382b,8d3bff4a307605182aebb51cbb3e0e5cd509eae306bee84e7d73228911f7866d,cgu,CLAREMONT-ROLE,CUC-HON-3-E-OUTSIDE_DC,"Access Points","Top > CUC > Honold Mudd Library > Third Floor",-,"12/29/2015 12:09 PM","12/29/2015 12:47 PM","37 mins",48.79,43.24,5.56,325.30,-77.00,20.00,"Universal Global Scientific Industrial Co.,Ltd","802.11n (2.4 GHz)",Claremont,"Win 8","Windows 8",-,-,Windows,"Windows NT 6.3"
383c0e1b57233dc161b3eb9c4da6a74979a5dd42a3f448e17271746338a44b23,45ed67bdb8f99e28774f4b4a0a11d07943ad73bcaeae2c69a67ba899320a8334,cuc,-,CUC-MUDD-3-IRIS-N,"Access Points","Top > CUC > Honold Mudd Library > Third Floor",-,"12/29/2015 9:41 PM","12/29/2015 9:45 PM","3 mins",0.00,0.00,0.00,0.00,0.00,0.00,"Apple, Inc.","802.11n (2.4 GHz)",Claremont-WPA,iPhone,"Apple iPhone",Apple,iPhone,iOS,9_2
383c0e1b57233dc161b3eb9c4da6a74979a5dd42a3f448e17271746338a44b23,45ed67bdb8f99e28774f4b4a0a11d07943ad73bcaeae2c69a67ba899320a8334,cuc,CLAREMONT-WPA-ROLE,CUC-MUDD-3-IRIS-N,"Access Points","Top > CUC > Honold Mudd Library > Third Floor",-,"12/29/2015 10:05 PM","12/29/2015 10:15 PM","10 mins",0.00,0.00,0.00,0.00,0.00,0.00,"Apple, Inc.","802.11n (5 GHz)",Claremont-WPA,iPhone,"Apple iPhone",Apple,iPhone,iOS,9_2
383c0e1b57233dc161b3eb9c4da6a74979a5dd42a3f448e17271746338a44b23,45ed67bdb8f99e28774f4b4a0a11d07943ad73bcaeae2c69a67ba899320a8334,cuc,CLAREMONT-WPA-ROLE,CUC-MUDD-3-IRIS-N,"Access Points","Top > CUC > Honold Mudd Library > Third Floor",-,"12/29/2015 10:15 PM","12/29/2015 10:45 PM","30 mins",0.23,0.14,0.09,1.50,-71.00,16.00,"Apple, Inc.","802.11n (5 GHz)",Claremont-WPA,iPhone,"Apple iPhone",Apple,iPhone,iOS,9_2
fa548e2e6c0744c52c12c2b8f759c42bae136f8661a659f1c467afac2682b073,82cbf3565394ba4620a81e5078695dbe61196a67740cb99dddf2b2819dca930b,cuc,-,CUC-MUDD-3-IRIS-N,"Access Points","Top > CUC > Honold Mudd Library > Third Floor",-,"12/29/2015 7:41 PM","12/29/2015 7:43 PM","2 mins",0.00,0.00,0.00,0.00,0.00,0.00,Apple,"802.11n (2.4 GHz)",Claremont-WPA,iPhone,"Apple iPhone",Apple,iPhone,iOS,9_2
fa548e2e6c0744c52c12c2b8f759c42bae136f8661a659f1c467afac2682b073,82cbf3565394ba4620a81e5078695dbe61196a67740cb99dddf2b2819dca930b,cuc,CLAREMONT-WPA-ROLE,CUC-MUDD-3-IRIS-N,"Access Points","Top > CUC > Honold Mudd Library > Third Floor",-,"12/29/2015 8:14 PM","12/29/2015 8:34 PM","20 mins",0.00,0.00,0.00,0.00,-73.13,14.00,Apple,"802.11n (5 GHz)",Claremont-WPA,iPhone,"Apple iPhone",Apple,iPhone,iOS,9_2
3ea112903ed3d5c9e8fd236524c1062b5bb25896e5030c5d3b14dfafaf986fd9,-,-,CLAREMONT-WPA-ROLE,CUC-MUDD-3-S-KECK2,"Access Points","Top > CUC > Honold Mudd Library > Third Floor","Mudd 3 South","12/28/2015 8:55 PM","12/29/2015 12:35 AM","35 mins",0.00,0.00,0.00,0.00,-91.97,5.00,"Hon Hai Precision Ind. Co.,Ltd.","802.11n (5 GHz)",Claremont-WPA,Windows,Windows,-,-,Windows,-
3ea112903ed3d5c9e8fd236524c1062b5bb25896e5030c5d3b14dfafaf986fd9,-,-,CLAREMONT-WPA-ROLE,CUC-MUDD-3-S-KECK2,"Access Points","Top > CUC > Honold Mudd Library > Third Floor","Mudd 3 South","12/29/2015 12:45 AM","12/29/2015 12:55 AM","10 mins",0.00,0.00,0.00,0.00,-97.00,0.00,"Hon Hai Precision Ind. Co.,Ltd.","802.11n (5 GHz)",Claremont-WPA,Windows,Windows,-,-,Windows,-
3ea112903ed3d5c9e8fd236524c1062b5bb25896e5030c5d3b14dfafaf986fd9,-,-,CLAREMONT-WPA-ROLE,CUC-MUDD-3-S-KECK2,"Access Points","Top > CUC > Honold Mudd Library > Third Floor","Mudd 3 South","12/29/2015 1:05 AM","12/29/2015 1:25 AM","20 mins",0.00,0.00,0.00,0.01,-75.24,21.00,"Hon Hai Precision Ind. Co.,Ltd.","802.11n (5 GHz)",Claremont-WPA,Windows,Windows,-,-,Windows,-
3ea112903ed3d5c9e8fd236524c1062b5bb25896e5030c5d3b14dfafaf986fd9,-,-,CLAREMONT-WPA-ROLE,CUC-MUDD-3-S-KECK2,"Access Points","Top > CUC > Honold Mudd Library > Third Floor","Mudd 3 South","12/29/2015 1:35 AM","12/29/2015 2:45 AM","1 hr 10 mins",0.00,0.00,0.00,0.00,-87.62,9.00,"Hon Hai Precision Ind. Co.,Ltd.","802.11n (5 GHz)",Claremont-WPA,Windows,Windows,-,-,Windows,-
3ea112903ed3d5c9e8fd236524c1062b5bb25896e5030c5d3b14dfafaf986fd9,-,-,CLAREMONT-WPA-ROLE,CUC-MUDD-3-S-KECK2,"Access Points","Top > CUC > Honold Mudd Library > Third Floor","Mudd 3 South","12/29/2015 2:55 AM","12/29/2015 3:25 AM","30 mins",0.00,0.00,0.00,0.00,-97.00,0.00,"Hon Hai Precision Ind. Co.,Ltd.","802.11n (5 GHz)",Claremont-WPA,Windows,Windows,-,-,Windows,-
3ea112903ed3d5c9e8fd236524c1062b5bb25896e5030c5d3b14dfafaf986fd9,-,-,CLAREMONT-WPA-ROLE,CUC-MUDD-3-S-KECK2,"Access Points","Top > CUC > Honold Mudd Library > Third Floor","Mudd 3 South","12/29/2015 3:35 AM","12/29/2015 4:06 AM","30 mins",0.00,0.00,0.00,0.00,-97.00,0.00,"Hon Hai Precision Ind. Co.,Ltd.","802.11n (5 GHz)",Claremont-WPA,Windows,Windows,-,-,Windows,-
3ea112903ed3d5c9e8fd236524c1062b5bb25896e5030c5d3b14dfafaf986fd9,-,-,CLAREMONT-WPA-ROLE,CUC-MUDD-3-S-KECK2,"Access Points","Top > CUC > Honold Mudd Library > Third Floor","Mudd 3 South","12/29/2015 4:16 AM","12/29/2015 4:46 AM","30 mins",0.00,0.00,0.00,0.00,-97.00,0.00,"Hon Hai Precision Ind. Co.,Ltd.","802.11n (5 GHz)",Claremont-WPA,Windows,Windows,-,-,Windows,-
3ea112903ed3d5c9e8fd236524c1062b5bb25896e5030c5d3b14dfafaf986fd9,-,-,CLAREMONT-WPA-ROLE,CUC-MUDD-3-S-KECK2,"Access Points","Top > CUC > Honold Mudd Library > Third Floor","Mudd 3 South","12/29/2015 4:56 AM","12/29/2015 5:26 AM","30 mins",0.00,0.00,0.00,0.00,-97.00,0.00,"Hon Hai Precision Ind. Co.,Ltd.","802.11n (5 GHz)",Claremont-WPA,Windows,Windows,-,-,Windows,-
3ea112903ed3d5c9e8fd236524c1062b5bb25896e5030c5d3b14dfafaf986fd9,-,-,CLAREMONT-WPA-ROLE,CUC-MUDD-3-S-KECK2,"Access Points","Top > CUC > Honold Mudd Library > Third Floor","Mudd 3 South","12/29/2015 5:36 AM","12/29/2015 6:06 AM","30 mins",0.00,0.00,0.00,0.00,-97.00,0.00,"Hon Hai Precision Ind. Co.,Ltd.","802.11n (5 GHz)",Claremont-WPA,Windows,Windows,-,-,Windows,-
3ea112903ed3d5c9e8fd236524c1062b5bb25896e5030c5d3b14dfafaf986fd9,-,-,CLAREMONT-WPA-ROLE,CUC-MUDD-3-S-KECK2,"Access Points","Top > CUC > Honold Mudd Library > Third Floor","Mudd 3 South","12/29/2015 6:26 AM","12/29/2015 6:46 AM","20 mins",0.00,0.00,0.00,0.01,-75.32,21.00,"Hon Hai Precision Ind. Co.,Ltd.","802.11n (5 GHz)",Claremont-WPA,Windows,Windows,-,-,Windows,-
3ea112903ed3d5c9e8fd236524c1062b5bb25896e5030c5d3b14dfafaf986fd9,-,-,CLAREMONT-WPA-ROLE,CUC-MUDD-3-S-KECK2,"Access Points","Top > CUC > Honold Mudd Library > Third Floor","Mudd 3 South","12/29/2015 6:56 AM","12/29/2015 7:26 AM","30 mins",0.00,0.00,0.00,0.00,-76.01,20.00,"Hon Hai Precision Ind. Co.,Ltd.","802.11n (5 GHz)",Claremont-WPA,Windows,Windows,-,-,Windows,-
3ea112903ed3d5c9e8fd236524c1062b5bb25896e5030c5d3b14dfafaf986fd9,-,-,CLAREMONT-WPA-ROLE,CUC-MUDD-3-S-KECK2,"Access Points","Top > CUC > Honold Mudd Library > Third Floor","Mudd 3 South","12/29/2015 7:36 AM","12/29/2015 8:06 AM","30 mins",0.00,0.00,0.00,0.00,-97.00,0.00,"Hon Hai Precision Ind. Co.,Ltd.","802.11n (5 GHz)",Claremont-WPA,Windows,Windows,-,-,Windows,-
3ea112903ed3d5c9e8fd236524c1062b5bb25896e5030c5d3b14dfafaf986fd9,-,-,CLAREMONT-WPA-ROLE,CUC-MUDD-3-S-KECK2,"Access Points","Top > CUC > Honold Mudd Library > Third Floor","Mudd 3 South","12/29/2015 8:16 AM","12/29/2015 8:46 AM","30 mins",0.00,0.00,0.00,0.00,-97.00,0.00,"Hon Hai Precision Ind. Co.,Ltd.","802.11n (5 GHz)",Claremont-WPA,Windows,Windows,-,-,Windows,-
3ea112903ed3d5c9e8fd236524c1062b5bb25896e5030c5d3b14dfafaf986fd9,-,-,CLAREMONT-WPA-ROLE,CUC-MUDD-3-S-KECK2,"Access Points","Top > CUC > Honold Mudd Library > Third Floor","Mudd 3 South","12/29/2015 8:56 AM","12/29/2015 9:26 AM","30 mins",0.00,0.00,0.00,0.00,-97.00,0.00,"Hon Hai Precision Ind. Co.,Ltd.","802.11n (5 GHz)",Claremont-WPA,Windows,Windows,-,-,Windows,-
3ea112903ed3d5c9e8fd236524c1062b5bb25896e5030c5d3b14dfafaf986fd9,-,-,CLAREMONT-WPA-ROLE,CUC-MUDD-3-S-KECK2,"Access Points","Top > CUC > Honold Mudd Library > Third Floor","Mudd 3 South","12/29/2015 9:36 AM","12/29/2015 10:07 AM","30 mins",0.00,0.00,0.00,0.00,-82.33,14.00,"Hon Hai Precision Ind. Co.,Ltd.","802.11n (5 GHz)",Claremont-WPA,Windows,Windows,-,-,Windows,-
3ea112903ed3d5c9e8fd236524c1062b5bb25896e5030c5d3b14dfafaf986fd9,-,-,CLAREMONT-WPA-ROLE,CUC-MUDD-3-S-KECK2,"Access Points","Top > CUC > Honold Mudd Library > Third Floor","Mudd 3 South","12/29/2015 10:17 AM","12/29/2015 10:47 AM","30 mins",0.00,0.00,0.00,0.00,-83.06,13.00,"Hon Hai Precision Ind. Co.,Ltd.","802.11n (5 GHz)",Claremont-WPA,Windows,Windows,-,-,Windows,-
3ea112903ed3d5c9e8fd236524c1062b5bb25896e5030c5d3b14dfafaf986fd9,-,-,CLAREMONT-WPA-ROLE,CUC-MUDD-3-S-KECK2,"Access Points","Top > CUC > Honold Mudd Library > Third Floor","Mudd 3 South","12/29/2015 10:57 AM","12/29/2015 11:27 AM","30 mins",0.00,0.00,0.00,0.00,-76.11,20.00,"Hon Hai Precision Ind. Co.,Ltd.","802.11n (5 GHz)",Claremont-WPA,Windows,Windows,-,-,Windows,-
3ea112903ed3d5c9e8fd236524c1062b5bb25896e5030c5d3b14dfafaf986fd9,-,-,CLAREMONT-WPA-ROLE,CUC-MUDD-3-S-KECK2,"Access Points","Top > CUC > Honold Mudd Library > Third Floor","Mudd 3 South","12/29/2015 11:37 AM","12/29/2015 12:07 PM","30 mins",0.00,0.00,0.00,0.00,-97.00,0.00,"Hon Hai Precision Ind. Co.,Ltd.","802.11n (5 GHz)",Claremont-WPA,Windows,Windows,-,-,Windows,-
3ea112903ed3d5c9e8fd236524c1062b5bb25896e5030c5d3b14dfafaf986fd9,-,-,CLAREMONT-WPA-ROLE,CUC-MUDD-3-S-KECK2,"Access Points","Top > CUC > Honold Mudd Library > Third Floor","Mudd 3 South","12/29/2015 12:17 PM","12/29/2015 12:47 PM","30 mins",0.00,0.00,0.00,0.00,-97.00,0.00,"Hon Hai Precision Ind. Co.,Ltd.","802.11n (5 GHz)",Claremont-WPA,Windows,Windows,-,-,Windows,-
3ea112903ed3d5c9e8fd236524c1062b5bb25896e5030c5d3b14dfafaf986fd9,-,-,CLAREMONT-WPA-ROLE,CUC-MUDD-3-S-KECK2,"Access Points","Top > CUC > Honold Mudd Library > Third Floor","Mudd 3 South","12/29/2015 12:57 PM","12/29/2015 1:27 PM","30 mins",0.00,0.00,0.00,0.00,-97.00,0.00,"Hon Hai Precision Ind. Co.,Ltd.","802.11n (5 GHz)",Claremont-WPA,Windows,Windows,-,-,Windows,-
3ea112903ed3d5c9e8fd236524c1062b5bb25896e5030c5d3b14dfafaf986fd9,-,-,CLAREMONT-WPA-ROLE,CUC-MUDD-3-S-KECK2,"Access Points","Top > CUC > Honold Mudd Library > Third Floor","Mudd 3 South","12/29/2015 1:37 PM","12/29/2015 2:07 PM","30 mins",0.00,0.00,0.00,0.00,-97.00,0.00,"Hon Hai Precision Ind. Co.,Ltd.","802.11n (5 GHz)",Claremont-WPA,Windows,Windows,-,-,Windows,-
3ea112903ed3d5c9e8fd236524c1062b5bb25896e5030c5d3b14dfafaf986fd9,-,-,CLAREMONT-WPA-ROLE,CUC-MUDD-3-S-KECK2,"Access Points","Top > CUC > Honold Mudd Library > Third Floor","Mudd 3 South","12/29/2015 2:17 PM","12/29/2015 2:48 PM","30 mins",0.00,0.00,0.00,0.00,-97.00,0.00,"Hon Hai Precision Ind. Co.,Ltd.","802.11n (5 GHz)",Claremont-WPA,Windows,Windows,-,-,Windows,-
3ea112903ed3d5c9e8fd236524c1062b5bb25896e5030c5d3b14dfafaf986fd9,-,-,CLAREMONT-WPA-ROLE,CUC-MUDD-3-S-KECK2,"Access Points","Top > CUC > Honold Mudd Library > Third Floor","Mudd 3 South","12/29/2015 2:58 PM","12/29/2015 4:40 PM","1 hr 41 mins",0.00,0.00,0.00,0.00,-90.68,6.00,"Hon Hai Precision Ind. Co.,Ltd.","802.11n (5 GHz)",Claremont-WPA,Windows,Windows,-,-,Windows,-
3ea112903ed3d5c9e8fd236524c1062b5bb25896e5030c5d3b14dfafaf986fd9,-,-,CLAREMONT-WPA-ROLE,CUC-MUDD-3-S-KECK2,"Access Points","Top > CUC > Honold Mudd Library > Third Floor","Mudd 3 South","12/29/2015 5:00 PM","12/29/2015 5:31 PM","30 mins",0.00,0.00,0.00,0.00,-97.00,0.00,"Hon Hai Precision Ind. Co.,Ltd.","802.11n (5 GHz)",Claremont-WPA,Windows,Windows,-,-,Windows,-
3ea112903ed3d5c9e8fd236524c1062b5bb25896e5030c5d3b14dfafaf986fd9,-,-,CLAREMONT-WPA-ROLE,CUC-MUDD-3-S-KECK2,"Access Points","Top > CUC > Honold Mudd Library > Third Floor","Mudd 3 South","12/29/2015 5:41 PM","12/29/2015 6:22 PM","40 mins",0.00,0.00,0.00,0.00,-91.66,5.00,"Hon Hai Precision Ind. Co.,Ltd.","802.11n (5 GHz)",Claremont-WPA,Windows,Windows,-,-,Windows,-
3ea112903ed3d5c9e8fd236524c1062b5bb25896e5030c5d3b14dfafaf986fd9,-,-,CLAREMONT-WPA-ROLE,CUC-MUDD-3-S-KECK2,"Access Points","Top > CUC > Honold Mudd Library > Third Floor","Mudd 3 South","12/29/2015 6:32 PM","12/29/2015 6:42 PM","10 mins",0.00,0.00,0.00,0.00,-97.00,0.00,"Hon Hai Precision Ind. Co.,Ltd.","802.11n (5 GHz)",Claremont-WPA,Windows,Windows,-,-,Windows,-
3ea112903ed3d5c9e8fd236524c1062b5bb25896e5030c5d3b14dfafaf986fd9,-,-,CLAREMONT-WPA-ROLE,CUC-MUDD-3-S-KECK2,"Access Points","Top > CUC > Honold Mudd Library > Third Floor","Mudd 3 South","12/29/2015 6:52 PM","12/29/2015 7:03 PM","10 mins",0.00,0.00,0.00,0.00,-97.00,0.00,"Hon Hai Precision Ind. Co.,Ltd.","802.11n (5 GHz)",Claremont-WPA,Windows,Windows,-,-,Windows,-
3ea112903ed3d5c9e8fd236524c1062b5bb25896e5030c5d3b14dfafaf986fd9,-,-,CLAREMONT-WPA-ROLE,CUC-MUDD-3-S-KECK2,"Access Points","Top > CUC > Honold Mudd Library > Third Floor","Mudd 3 South","12/29/2015 7:13 PM","12/29/2015 8:34 PM","1 hr 21 mins",0.00,0.00,0.00,0.00,-93.96,3.00,"Hon Hai Precision Ind. Co.,Ltd.","802.11n (5 GHz)",Claremont-WPA,Windows,Windows,-,-,Windows,-
3ea112903ed3d5c9e8fd236524c1062b5bb25896e5030c5d3b14dfafaf986fd9,-,-,CLAREMONT-WPA-ROLE,CUC-MUDD-3-S-KECK2,"Access Points","Top > CUC > Honold Mudd Library > Third Floor","Mudd 3 South","12/29/2015 8:45 PM","12/29/2015 9:25 PM","40 mins",0.00,0.00,0.00,0.00,-81.32,15.00,"Hon Hai Precision Ind. Co.,Ltd.","802.11n (5 GHz)",Claremont-WPA,Windows,Windows,-,-,Windows,-
3ea112903ed3d5c9e8fd236524c1062b5bb25896e5030c5d3b14dfafaf986fd9,-,-,CLAREMONT-WPA-ROLE,CUC-MUDD-3-S-KECK2,"Access Points","Top > CUC > Honold Mudd Library > Third Floor","Mudd 3 South","12/29/2015 9:35 PM","12/29/2015 9:45 PM","10 mins",0.00,0.00,0.00,0.00,-97.00,0.00,"Hon Hai Precision Ind. Co.,Ltd.","802.11n (5 GHz)",Claremont-WPA,Windows,Windows,-,-,Windows,-
3ea112903ed3d5c9e8fd236524c1062b5bb25896e5030c5d3b14dfafaf986fd9,-,-,CLAREMONT-WPA-ROLE,CUC-MUDD-3-S-KECK2,"Access Points","Top > CUC > Honold Mudd Library > Third Floor","Mudd 3 South","12/29/2015 9:55 PM","12/29/2015 10:25 PM","30 mins",0.00,0.00,0.00,0.00,-97.00,0.00,"Hon Hai Precision Ind. Co.,Ltd.","802.11n (5 GHz)",Claremont-WPA,Windows,Windows,-,-,Windows,-
3ea112903ed3d5c9e8fd236524c1062b5bb25896e5030c5d3b14dfafaf986fd9,-,-,CLAREMONT-WPA-ROLE,CUC-MUDD-3-S-KECK2,"Access Points","Top > CUC > Honold Mudd Library > Third Floor","Mudd 3 South","12/29/2015 10:35 PM","12/29/2015 11:05 PM","30 mins",0.00,0.00,0.00,0.00,-97.00,0.00,"Hon Hai Precision Ind. Co.,Ltd.","802.11n (5 GHz)",Claremont-WPA,Windows,Windows,-,-,Windows,-
3ea112903ed3d5c9e8fd236524c1062b5bb25896e5030c5d3b14dfafaf986fd9,-,-,CLAREMONT-WPA-ROLE,CUC-MUDD-3-S-KECK2,"Access Points","Top > CUC > Honold Mudd Library > Third Floor","Mudd 3 South","12/29/2015 11:15 PM","12/29/2015 11:45 PM","30 mins",0.00,0.00,0.00,0.00,-97.00,0.00,"Hon Hai Precision Ind. Co.,Ltd.","802.11n (5 GHz)",Claremont-WPA,Windows,Windows,-,-,Windows,-
3ea112903ed3d5c9e8fd236524c1062b5bb25896e5030c5d3b14dfafaf986fd9,-,-,CLAREMONT-WPA-ROLE,CUC-MUDD-3-S-KECK2,"Access Points","Top > CUC > Honold Mudd Library > Third Floor","Mudd 3 South","12/29/2015 11:55 PM",-,"4 mins",0.00,0.00,0.00,0.00,-75.04,21.96,"Hon Hai Precision Ind. Co.,Ltd.","802.11n (5 GHz)",Claremont-WPA,Windows,Windows,-,-,Windows,-
3fc945af617dbadd4cbbcf40240df049559c8e4f0391dea918b05904d34406b6,3f4b6f79401902d5fb2ecaa688dbab35a775c3aa76ff7ada35582dec86476f91,PIT,-,CUC-HON203-AP105-15,"Access Points","Top > CUC > Honold Mudd Library > Second Floor",-,"12/29/2015 11:11 AM","12/29/2015 11:17 AM","5 mins",0.00,0.00,0.00,0.00,0.00,0.00,"Apple, Inc.","802.11n (2.4 GHz)",Claremont-WPA,iPhone,"Apple iPhone",Apple,iPhone,iOS,"9.2 (13C75)"
85ab27af0fcba77aed7c612f3f2d77472850642c7cb24097c8439da93fffe0b9,5f7c747ebb19df21c8b7d421cb077bc2d6e5ee35f579f99e6c7a2ba49e6b1473,cgu,CLAREMONT-WPA-ROLE,CUC-HON203-AP105-15,"Access Points","Top > CUC > Honold Mudd Library > Second Floor",-,"12/15/2015 12:08 PM","12/29/2015 8:34 PM","20 hrs 34 mins",11.28,10.44,0.83,1.25,-52.56,40.00,Apple,"802.11n (5 GHz)",Claremont-WPA,iPad,"Apple iPad",Apple,iPad,iOS,"9.1 (13B143)"
85ab27af0fcba77aed7c612f3f2d77472850642c7cb24097c8439da93fffe0b9,5f7c747ebb19df21c8b7d421cb077bc2d6e5ee35f579f99e6c7a2ba49e6b1473,cgu,-,CUC-HON203-AP105-15,"Access Points","Top > CUC > Honold Mudd Library > Second Floor",-,"12/29/2015 8:41 PM","12/29/2015 8:45 PM","3 mins",0.00,0.00,0.00,0.00,0.00,0.00,Apple,"802.11n (2.4 GHz)",Claremont-WPA,iPad,"Apple iPad",Apple,iPad,iOS,"9.1 (13B143)"
ab43496e627f8877a2feb0693cab0d69843c14d94d7203200bcfd6adc264a913,-,-,CLAREMONT-PREAUTH-ROLE,CUC-MUDD-3-IRIS-N,"Access Points","Top > CUC > Honold Mudd Library > Third Floor",-,"12/29/2015 10:37 AM","12/29/2015 10:47 AM","10 mins",0.00,0.00,0.00,0.00,-61.00,32.00,"Murata Manufacturing Co., Ltd.","802.11n (5 GHz)",Claremont,Android,"Samsung SM-G920V",Samsung,SM-G920V,Android,"Linux; Android 5.1.1; SM-G920V Build/LRX22C"
ab43496e627f8877a2feb0693cab0d69843c14d94d7203200bcfd6adc264a913,-,-,CLAREMONT-PREAUTH-ROLE,CUC-MUDD-3-IRIS-N,"Access Points","Top > CUC > Honold Mudd Library > Third Floor",-,"12/29/2015 11:07 AM","12/29/2015 11:09 AM","2 mins",0.00,0.00,0.00,0.00,-55.00,38.00,"Murata Manufacturing Co., Ltd.","802.11n (5 GHz)",Claremont,Android,"Samsung SM-G920V",Samsung,SM-G920V,Android,"Linux; Android 5.1.1; SM-G920V Build/LRX22C"
ab43496e627f8877a2feb0693cab0d69843c14d94d7203200bcfd6adc264a913,-,-,CLAREMONT-PREAUTH-ROLE,CUC-MUDD-3-IRIS-N,"Access Points","Top > CUC > Honold Mudd Library > Third Floor",-,"12/29/2015 11:47 AM","12/29/2015 12:24 PM","37 mins",0.13,0.05,0.08,0.85,-73.23,19.00,"Murata Manufacturing Co., Ltd.","802.11n (5 GHz)",Claremont,Android,"Samsung SM-G920V",Samsung,SM-G920V,Android,"Linux; Android 5.1.1; SM-G920V Build/LRX22C"
ab43496e627f8877a2feb0693cab0d69843c14d94d7203200bcfd6adc264a913,-,-,CLAREMONT-PREAUTH-ROLE,CUC-MUDD-2-W,"Access Points","Top > CUC > Honold Mudd Library > Second Floor",-,"12/29/2015 10:47 AM","12/29/2015 11:07 AM","20 mins",0.00,0.00,0.00,0.02,-76.00,18.00,"Murata Manufacturing Co., Ltd.","802.11n (5 GHz)",Claremont,Android,"Samsung SM-G920V",Samsung,SM-G920V,Android,"Linux; Android 5.1.1; SM-G920V Build/LRX22C"
62ae405197ca7abc9bd3bb8bbd0e7ceef4857b4add0b8090eaa154e5e7df0790,1093da8dad6ba1371cc2fc2ee4e45cca6641ec74af57224549cd8164fc3d5d6e,cuc,-,CUC-MUDD-3-IRIS-N,"Access Points","Top > CUC > Honold Mudd Library > Third Floor",-,"12/29/2015 9:54 AM","12/29/2015 9:57 AM","2 mins",0.00,0.00,0.00,0.00,0.00,0.00,"Apple Inc","802.11n (5 GHz)",Claremont,iPhone,"Apple iPhone",Apple,iPhone,iOS,9_2
62ae405197ca7abc9bd3bb8bbd0e7ceef4857b4add0b8090eaa154e5e7df0790,1093da8dad6ba1371cc2fc2ee4e45cca6641ec74af57224549cd8164fc3d5d6e,cuc,-,CUC-MUDD-3-IRIS-N,"Access Points","Top > CUC > Honold Mudd Library > Third Floor",-,"12/29/2015 9:57 AM","12/29/2015 9:57 AM","0 mins",0.00,0.00,0.00,0.00,0.00,0.00,"Apple Inc","802.11n (5 GHz)",Claremont,iPhone,"Apple iPhone",Apple,iPhone,iOS,9_2
62ae405197ca7abc9bd3bb8bbd0e7ceef4857b4add0b8090eaa154e5e7df0790,1093da8dad6ba1371cc2fc2ee4e45cca6641ec74af57224549cd8164fc3d5d6e,cuc,-,CUC-MUDD-3-IRIS-N,"Access Points","Top > CUC > Honold Mudd Library > Third Floor",-,"12/29/2015 9:57 AM","12/29/2015 10:07 AM","9 mins",0.00,0.00,0.00,0.00,0.00,0.00,"Apple Inc","802.11n (5 GHz)",Claremont-WPA,iPhone,"Apple iPhone",Apple,iPhone,iOS,9_2
62ae405197ca7abc9bd3bb8bbd0e7ceef4857b4add0b8090eaa154e5e7df0790,1093da8dad6ba1371cc2fc2ee4e45cca6641ec74af57224549cd8164fc3d5d6e,cuc,CLAREMONT-WPA-ROLE,CUC-MUDD-3-IRIS-N,"Access Points","Top > CUC > Honold Mudd Library > Third Floor",-,"12/29/2015 10:27 AM","12/29/2015 2:27 PM","4 hrs 0 mins",264.28,243.11,21.16,153.20,-58.16,34.00,"Apple Inc","802.11n (5 GHz)",Claremont-WPA,iPhone,"Apple iPhone",Apple,iPhone,iOS,9_2
a9249d6bdeb4abee86491170a1c9f230ac755f5d60bf4608fdce37afad51679b,-,-,-,CUC-MUDD-2-W,"Access Points","Top > CUC > Honold Mudd Library > Second Floor",-,"12/29/2015 12:51 PM","12/29/2015 12:57 PM","6 mins",0.00,0.00,0.00,0.00,0.00,0.00,Apple,"802.11n (2.4 GHz)",Claremont-WPA,iPhone,"Apple iPhone",Apple,iPhone,iOS,"9.2 (13C75)"
a9249d6bdeb4abee86491170a1c9f230ac755f5d60bf4608fdce37afad51679b,b83a6f95220695cd82e8303c26e0ccce290cfad7eb634f0fee0e59bc6030b7c4,CUC,CLAREMONT-WPA-ROLE,CUC-MUDD-2-W,"Access Points","Top > CUC > Honold Mudd Library > Second Floor",-,"12/29/2015 1:57 PM","12/29/2015 2:07 PM","10 mins",0.00,0.00,0.00,0.00,-83.00,12.00,Apple,"802.11n (5 GHz)",Claremont-WPA,iPhone,"Apple iPhone",Apple,iPhone,iOS,"9.2 (13C75)"
f95928c399d7be8432a6c8873ee5c26e1d3f923f2323a59c8b8142066dd29805,-,-,CUC-GUEST-AAA,CUC-HON203-AP105-15,"Access Points","Top > CUC > Honold Mudd Library > Second Floor",-,"12/29/2015 8:41 PM","12/29/2015 9:05 PM","23 mins",0.03,0.01,0.02,0.38,-82.84,9.00,"Roku, Inc.","802.11n (5 GHz)",CUC-GUEST,Roku,Roku,Roku,-,Roku,066.02E03678A
f95928c399d7be8432a6c8873ee5c26e1d3f923f2323a59c8b8142066dd29805,-,-,CUC-GUEST-AAA,CUC-HON-1-N-CAFE,"Access Points","Top > CUC > Honold Mudd Library > First Floor","Honnold Cafe","12/24/2015 2:23 AM","12/29/2015 8:34 PM","20 hrs 34 mins",1826.47,1773.84,52.63,197.52,-65.03,31.00,"Roku, Inc.","802.11n (5 GHz)",CUC-GUEST,Roku,Roku,Roku,-,Roku,066.02E03678A
c10096f5223b85d1064f57fb863cc64b10d5cc5f9a50b9e18fff5660b3fb66a1,855c414194b836470280117c2ae8dfb8b3cba0001c57569d6cd7fd551c87f158,kgi,CLAREMONT-WPA-ROLE,CUC-HON-3-E-OUTSIDE_DC,"Access Points","Top > CUC > Honold Mudd Library > Third Floor",-,"12/29/2015 3:18 PM","12/29/2015 4:30 PM","1 hr 11 mins",87.72,81.49,6.23,212.66,-74.72,21.00,"Askey Computer Corp","802.11n (5 GHz)",Claremont-WPA,"Win 7","Windows 7",-,-,"Windows 7","Windows NT 6.1; WOW64"
9e5e75f07904a5cbcd036cd77803b8f4023b16c7c1313f3b81fa6b8d69fba31b,c7280fc4150ebf74e8ee61459567e8fb425e996e0db9e9c3c6d66b637934629d,cuc,-,CUC-MUDD-3-IRIS-N,"Access Points","Top > CUC > Honold Mudd Library > Third Floor",-,"12/29/2015 7:59 PM","12/29/2015 8:00 PM","0 mins",0.00,0.00,0.00,0.00,0.00,0.00,"Samsung Electro Mechanics co., LTD.","802.11n (2.4 GHz)",Claremont,Android,Android,-,SM-N910T,Android,"Linux; U; Android 5.0.1; SM-N910T Build/LRX22C"
e5104fdf29972a7fff78a11a6277ecb6e593c3a7bcef1d709723e261b9ec994a,-,-,-,CUC-HON-2-S-RTLS,"Access Points","Top > CUC > Honold Mudd Library > Second Floor","Honnold 2 South","12/29/2015 12:02 PM","12/29/2015 12:07 PM","5 mins",0.00,0.00,0.00,0.00,0.00,0.00,"Apple Inc","802.11n (2.4 GHz)",Claremont,iPhone,"Apple iPhone",Apple,iPhone,iOS,9_1
d851f49bc7e7420dfcbfe077cf9f879f06c774a905b6f3bebf744111dc73c189,-,-,-,CUC-MUDD-3-IRIS-N,"Access Points","Top > CUC > Honold Mudd Library > Third Floor",-,"12/29/2015 1:53 PM","12/29/2015 1:57 PM","4 mins",0.00,0.00,0.00,0.00,0.00,0.00,"Apple Inc","802.11n (2.4 GHz)",Claremont,iPhone,"Apple iPhone",Apple,iPhone,iOS,"9.2 (13C75)"
8b002a6a33f448235376ca24b765d9e6b7145c96c10f3e8b4216b5dd328f9a3e,f2d652821b955c599aeee9441a61300e1afe2036301217f354f9274a16d6dc46,CUC,CLAREMONT-WPA-ROLE,CUC-MUDD-3-IRIS-N,"Access Points","Top > CUC > Honold Mudd Library > Third Floor",-,"12/29/2015 7:12 PM","12/29/2015 7:23 PM","11 mins",0.00,0.00,0.00,0.00,-87.00,0.00,"Samsung Electro Mechanics co., LTD.","802.11n (2.4 GHz)",Claremont-WPA,Android,Android,-,SM-G925T,Android,"Linux; U; Android 5.1.1; SM-G925T Build/LMY47X"
8b002a6a33f448235376ca24b765d9e6b7145c96c10f3e8b4216b5dd328f9a3e,f2d652821b955c599aeee9441a61300e1afe2036301217f354f9274a16d6dc46,CUC,CLAREMONT-WPA-ROLE,CUC-MUDD-3-IRIS-N,"Access Points","Top > CUC > Honold Mudd Library > Third Floor",-,"12/29/2015 7:54 PM","12/29/2015 8:00 PM","6 mins",0.00,0.00,0.00,0.00,-67.00,20.00,"Samsung Electro Mechanics co., LTD.","802.11n (5 GHz)",Claremont-WPA,Android,Android,-,SM-G925T,Android,"Linux; U; Android 5.1.1; SM-G925T Build/LMY47X"
0533d37f59c70fff753a4fb9f4888054d1ed6c4d4a00481e3cdc97716eb143b7,-,-,CLAREMONT-PREAUTH-ROLE,CUC-MUDD-3-IRIS-N,"Access Points","Top > CUC > Honold Mudd Library > Third Floor",-,"12/29/2015 10:22 PM","12/29/2015 10:35 PM","12 mins",0.00,0.00,0.00,0.00,0.00,0.00,"Samsung Electro Mechanics co., LTD.","802.11n (2.4 GHz)",Claremont,Android,"Samsung SM-G920A",Samsung,SM-G920A,Android,"Linux; Android 5.1.1; SAMSUNG-SM-G920A Build/LRX22C"
0533d37f59c70fff753a4fb9f4888054d1ed6c4d4a00481e3cdc97716eb143b7,-,-,CLAREMONT-PREAUTH-ROLE,CUC-MUDD-3-IRIS-N,"Access Points","Top > CUC > Honold Mudd Library > Third Floor",-,"12/29/2015 10:35 PM","12/29/2015 11:35 PM","1 hr 0 mins",0.27,0.08,0.19,0.72,-60.18,32.00,"Samsung Electro Mechanics co., LTD.","802.11n (5 GHz)",Claremont,Android,"Samsung SM-G920A",Samsung,SM-G920A,Android,"Linux; Android 5.1.1; SAMSUNG-SM-G920A Build/LRX22C"
6524b85a9d0fe30c80af3c09411dfa9ae9b031a6d0a9866cf46e87350158d278,5c6081a6034e072f1d251a93390b0ecc1b2bab2a352666907e6b400ce6320dd7,cgu,-,CUC-HON-2-S-RTLS,"Access Points","Top > CUC > Honold Mudd Library > Second Floor","Honnold 2 South","12/29/2015 3:02 PM","12/29/2015 3:07 PM","5 mins",0.00,0.00,0.00,0.00,0.00,0.00,Unknown,"802.11n (2.4 GHz)",Claremont,iPhone,"Apple iPhone",Apple,iPhone,iOS,4.1.5
5238ea0890732f8b39206525ec69aab32c92dbe906997af0b47790fadd5b49e2,0991dd132c022a46eaf41d6b56dfe1bec61ac9e9ea3789ae399496ef2de8e37a,cgu,-,CUC-HON-3-N-BOOK,"Access Points","Top > CUC > Honold Mudd Library > Third Floor","Mudd 3 North","12/29/2015 7:05 PM","12/29/2015 7:13 PM","8 mins",0.00,0.00,0.00,0.00,0.00,0.00,"LG Electronics","802.11n (2.4 GHz)",Claremont-WPA,Android,"LG E739",LG,E739,Android,"Linux; U; Android 2.3.4; LG-E739 Build/GRJ22"
5bb04e3bd3fe2781d5459c12710e1ae8931d9b80e06a4cae48c87a5627004ffe,-,-,-,CUC-HON-3-E-BRIDGE,"Access Points","Top > CUC > Honold Mudd Library > Third Floor",-,"12/29/2015 9:59 PM","12/29/2015 10:04 PM","5 mins",0.00,0.00,0.00,0.00,0.00,0.00,"LG Electronics","802.11n (2.4 GHz)",Claremont,Android,Android,-,"VS980 4G",Android,"Linux; U; Android 5.0.2; VS980 4G Build/LRX22G"
0cf3c874c0cbb9bf2d50749fa2e877b1b607250bf52b5fecba5a5cd41f07eede,8b4006e223a1e3b997a1d48e65a51d7dcd95667b05ffbee769f5282fe289114e,cuc,CLAREMONT-WPA-ROLE,CUC-MUDD-3-IRIS-N,"Access Points","Top > CUC > Honold Mudd Library > Third Floor",-,"12/29/2015 6:06 AM","12/29/2015 6:26 AM","20 mins",4.89,3.65,1.24,65.20,-63.00,30.00,"Murata Manufacturing Co., Ltd.","802.11n (5 GHz)",Claremont-WPA,Android,"Samsung SM-N920P",Samsung,SM-N920P,Android,"Linux; Android 5.1.1; SM-N920P Build/LRX22C"
0cf3c874c0cbb9bf2d50749fa2e877b1b607250bf52b5fecba5a5cd41f07eede,8b4006e223a1e3b997a1d48e65a51d7dcd95667b05ffbee769f5282fe289114e,cuc,CLAREMONT-WPA-ROLE,CUC-MUDD-3-IRIS-N,"Access Points","Top > CUC > Honold Mudd Library > Third Floor",-,"12/29/2015 6:26 AM","12/29/2015 6:56 AM","30 mins",4.42,0.63,3.79,29.44,-49.00,37.00,"Murata Manufacturing Co., Ltd.","802.11n (5 GHz)",Claremont-WPA,Android,"Samsung SM-N920P",Samsung,SM-N920P,Android,"Linux; Android 5.1.1; SM-N920P Build/LRX22C"
0cf3c874c0cbb9bf2d50749fa2e877b1b607250bf52b5fecba5a5cd41f07eede,8b4006e223a1e3b997a1d48e65a51d7dcd95667b05ffbee769f5282fe289114e,cuc,CLAREMONT-WPA-ROLE,CUC-MUDD-3-IRIS-N,"Access Points","Top > CUC > Honold Mudd Library > Third Floor",-,"12/29/2015 12:17 PM","12/29/2015 12:27 PM","10 mins",0.00,0.00,0.00,0.00,0.00,0.00,"Murata Manufacturing Co., Ltd.","802.11n (5 GHz)",Claremont-WPA,Android,"Samsung SM-N920P",Samsung,SM-N920P,Android,"Linux; Android 5.1.1; SM-N920P Build/LRX22C"
e3b0c44298fc1c149afbf4c8996fb92427ae41e4649b934ca495991b7852b855,ERROR,-
